pattern_id	native_hash	normalized_record_count	source_count	occurrence_count	corpus_count	corpora
IDX_0001466	d335684d4ff33f9d5632f27660b61e96e518cb83603c3dc8ea0852a4112db2ff	7	7	8	1	instant-rap
IDX_0000091	0d3729c7a87692ecf210dbef48db693f78d9a832a203045f4ba64d5e1005a13a	4	4	8	1	instant-rap
IDX_0000208	1f02f0277f1464c0222b89c7fcc76840dd254c42e3af3294e23b8da9eaedc3c4	4	4	7	1	instant-rap
IDX_0000572	526c564c91b81531ccfbb6806ffe8c858d43f914ed63cd1b2846bf1a801db45a	4	4	5	1	instant-rap
IDX_0001129	a3820fb5b5deb62988929bc4f33c4aa6009c751bdfcaae8ba5d775b975e2f789	4	4	8	1	instant-rap
IDX_0001372	c62fb6d334982a5f8e5cc7ce29d30f0c911ba850bd35bd7c73c20397d479436f	4	4	5	1	mididrumfiles-80
IDX_0001415	cc04d518e4f7f3e97f6b253a83480d90fbc5f4cc487d96a4d401dc67506e9204	4	4	4	1	instant-rap
IDX_0000067	09362b1de611da16380ab8f1c2b085252b49d6737e5c76c06e18cf22b2488d9d	3	3	3	1	instant-rap
IDX_0000196	1d9bcb6fda8c352e62e63c80953066ed70ece157125eaa3cb32ec1aea6b65c43	3	3	5	2	instant-260,mididrumfiles-80
IDX_0000224	20dcc4b46cc61a2690132c0643f95168ac46c10bc75ca51fa0491b0ebd575da8	3	3	4	1	mididrumfiles-80
IDX_0000276	268be7810d162b6b4886f0cad40b6d0867093c74728ff9147055cf2b05a11a77	3	3	4	1	mididrumfiles-80
IDX_0000283	2813e1ca6e43f1b8668fa9609bc55fffd2a245f31299f38805121217f0218b3b	3	3	3	1	instant-rap
IDX_0000294	29938b10167bed0b145b70e83c06644789bc3040dff024b4f10f4238abdee35c	3	3	3	1	instant-rap
IDX_0000301	2a9dcbd3bcc5226277155fa29e5a85317de3da7afdc113b7d01d1c72b8bb4397	3	3	3	1	instant-rap
IDX_0000335	2f2bbb02f6e19960dfbe34c8051d8c4eee3d9eda4c6c414dad008620f93a40c4	3	3	3	1	instant-rap
IDX_0000448	3f3c04100543b5a2d0692e913bd661fed5c08b77a9817485832723a3802ad95d	3	3	3	1	instant-rap
IDX_0000530	4cbad7559e3c2c628a89227c78491aed6acf615d1c87a3306bc3dcefc55585ea	3	3	5	2	instant-260,mididrumfiles-80
IDX_0000547	4f5dcfcfcb592f53247f91cc5f0c24ed9afc75aad5e25074e422805803d6d262	3	3	3	1	instant-rap
IDX_0000556	505c0d4b50e3e1559ca5f7546d5bc67654f4e1137d0ffce42a804d46e68448e3	3	3	3	1	instant-rap
IDX_0000651	5e2af7f0e3761ebd7100983c7e0e2eae56fade99f772cf04a41b2b3f16e477fc	3	3	3	1	instant-rap
IDX_0000666	607fa8c8f0b34fb07ec1c572b6a2c042ca7c2e1ebafc60ab8bd132d3f6f49430	3	3	3	1	instant-rap
IDX_0000720	69739343ee4492aad618e2fe6baeb175f3a00bd31f71386cc998dff9c431fc1b	3	3	4	1	mididrumfiles-80
IDX_0000826	7647174498980cdc32dc664dbb1352fa2588ff04844274c0677a4d9b8b936780	3	3	4	1	mididrumfiles-80
IDX_0000902	80a3983527d6b7e0e92c1c88eba2849dda07022e0fa20026318d2f134333e822	3	3	5	2	instant-200,mididrumfiles-80
IDX_0000955	8967c660c38c625ead51291deed287d722c3288e00ef8d734f0dde23d00a3a48	3	3	3	1	instant-rap
IDX_0000995	8f8c8a86ee0c056ba5238082b54f5a18d30bec5c145beeb4ef4e0b743a84a5f6	3	3	3	1	mididrumfiles-80
IDX_0001027	9464e4aa7dfadba234995aad21d4ef98edfe2b2061f5d1a7218ece8115c3c7d3	3	3	6	1	instant-rap
IDX_0001064	9a1ed7417e9c94fbc4d86dc4d52b9b32ca46f05708058b0dc10cf0104af31f07	3	3	3	1	mididrumfiles-80
IDX_0001151	a7a6b48e6d741628ece500dbab12a4f8e63f1dce6e6960253390ec2321921673	3	3	3	1	mididrumfiles-80
IDX_0001439	cec17064343d7a832aea2e815fa5c7d985b86f5d6656b592fa896a93982e3a79	3	3	4	1	mididrumfiles-80
IDX_0001459	d24e5300e5e9dd4ca60b3b93642b8db69d744e50c6cd9c43ea95151dec862f99	3	3	3	1	instant-rap
IDX_0001528	d96e7a3b8135c77bc1b0d2757ace211ae4e0455d9b5f9b322e3621f6cb4878e5	3	3	3	1	instant-rap
IDX_0001548	dc05aa0169bd7122f12d9368000925e0bab5f293eb91142854c5432fda95b3b6	3	3	3	1	instant-rap
IDX_0001632	e89859b9bd6b78c2528a617674ca1ebb36f80b581596894ea44dd1286ebb80db	3	3	5	2	instant-260,mididrumfiles-80
IDX_0001668	ef2a402af10213a716c19b1c06d13b9aa05670a1d96e777f90c53577c8d08e83	3	3	3	1	mididrumfiles-80
IDX_0001783	fdc074ff24805adb9bf96a71d8fb25f7c937ca1e29f9ede86635ccd655b947a7	3	3	3	1	instant-rap
IDX_0000129	138319c96efc5132b3bf7458451037c2ca975b7b298949cc52945bb7f2c4d6d5	2	2	2	1	mididrumfiles-80
IDX_0000170	1a4b7034d2e02b075602198c57d83bd7f4e9176f053eaf60034477fe731db355	2	2	3	1	mididrumfiles-80
IDX_0000172	1a99588482cef28e436b02114f0a5c48a77a3fe13ed7eac3cca1fd43cc680495	2	2	3	1	instant-rap
IDX_0000182	1c500a06045ab8c1558ab04837a812a64569be0734b713718077a78c62706b10	2	2	4	1	instant-260
IDX_0000192	1d4508f13f5a0a7aee697ade819e8802f0a8795afb742861ef3ba39227eed3a5	2	2	3	1	instant-rap
IDX_0000214	20097113b445a0af5ce243c1b3930ee51fb7045884930f038d2ea6310395f711	2	2	4	1	instant-rap
IDX_0000219	209cbc512a11cb674fbe9258f019aa0cfb238843efdf3cd6c490a4316abc78ab	2	2	2	1	instant-rap
IDX_0000227	21675e396ce00dbe846cb73fb569986fda85bf0dcc591e6c8370b1ccc87c172d	2	2	3	1	instant-rap
IDX_0000264	258c9b9b90dc9f2da07d751ea4c590c0229a96c83dbd363dae4513b0f83c46cb	2	2	3	1	mididrumfiles-80
IDX_0000268	25e45c33080210884155073b48844754803dca98f089cfb197b06928ab8b4fa2	2	2	2	1	mididrumfiles-80
IDX_0000305	2b08040da2bcffce2e4747d16f40238eb6422daa884146323edb6df804b28b69	2	2	3	1	instant-rap
IDX_0000311	2b4b533a9e73574ddd01dca2139b83fe8001e6830d8929a9568f1e4fc67c23ad	2	2	3	1	mididrumfiles-80
IDX_0000315	2bfa2382036f74104a9eb96debc7593d55ffca0c09484d3ee467e8a373c95101	2	2	3	1	instant-rap
IDX_0000328	2e500ac3b618b30731c770a9f604165ce0055e480742151df09dba4cd269eadb	2	2	3	1	mididrumfiles-80
IDX_0000362	320eb673ade22b5062040749b1bde606f03aa249f3582ec2315e8b56eaf74421	2	2	2	1	mididrumfiles-80
IDX_0000403	385971909b4e372475771870ddaa0336fc19b3e57046d7ea4bcafab3bb7b0748	2	2	2	1	mididrumfiles-80
IDX_0000406	388e33101e7cf361614198d5ff08319452a133f6b2fa079dedcc10d9751f1175	2	2	3	1	mididrumfiles-80
IDX_0000431	3c25ad8e5b325b9c3e1e918f45f0b0f1881a6be15feed864f38d2f6b7888136a	2	2	3	1	mididrumfiles-80
IDX_0000442	3e5c6c6fedc716c5c60323e6e323f6654f1eda6fa3c48010dd206a86baa44c64	2	2	3	1	mididrumfiles-80
IDX_0000450	3f6250ebf70630a543a32b3b278e2a3e88ee1277c305f9cc0c286833ed6f904a	2	2	2	1	mididrumfiles-80
IDX_0000462	413e18acc0a64ca9aba704d8de057d35292381402668866caa898f7f1349f412	2	2	2	1	mididrumfiles-80
IDX_0000469	42bbb7a90da375753a3972adc150b48123bd9c68f5b332ddb244ca61be781c43	2	2	2	1	mididrumfiles-80
IDX_0000474	43b4879ec25d53535175763e51f5d7a06157d8a3ab139cecfecac47395e7821f	2	2	3	1	instant-rap
IDX_0000477	4441ca6db6f9ea0a5b40571883ddd31d9f653503be89467160008653a060e0fd	2	2	2	1	mididrumfiles-80
IDX_0000480	449e66200424cf640ef9d95799a41eabe6934a6ce7822f5daad0fcd2708dee13	2	2	4	2	instant-200,instant-260
IDX_0000482	44db3b28b1d2dc6da83caf64d0acee1fb94ce1dba2fb3836d7402b4b259fcaf3	2	2	4	2	instant-200,mididrumfiles-80
IDX_0000489	45e374836b4a9ec4948d4e55bc24692c29b036fd8cfd2a4117224641a0115512	2	2	3	1	instant-rap
IDX_0000495	46e321231e7285c17b04260fb45ea75a4a7c2bbe0e5dc30ca7227e0b1334397b	2	2	3	1	mididrumfiles-80
IDX_0000520	4b37718e4718df62ea87518e0939a0aa4cdcec779cc2b219f1583a4044d2ae9b	2	2	2	1	mididrumfiles-80
IDX_0000546	4f526a97f00e27a35a3f549fe0fa99598b5b5fcec750c4219011c71ce8ed8930	2	2	3	1	instant-rap
IDX_0000548	4f761742ad1dbbd140e89c956698a762387c5734c1ce753065e8980d4acbc37d	2	2	3	1	mididrumfiles-80
IDX_0000552	4ff1380088ebd994cbf0e679a2111c26cf17b7c5affd2f718d0a2d4a6714e50e	2	2	2	1	mididrumfiles-80
IDX_0000559	518cfaf6470ed0e97ef05d01ba7c5c22c121e0bd6b09ac412a2ca29f10069574	2	2	2	1	mididrumfiles-80
IDX_0000620	5a0200123ca96ee245147f2040595501f4adf4b6a83d96b5ed183584b5b7f982	2	2	3	1	mididrumfiles-80
IDX_0000621	5a43e5c702cc31c593e6f2a2d4341dfdf652ffac326f6bd16c256d7cb11d41e1	2	2	3	1	mididrumfiles-80
IDX_0000625	5ae8d195e88e2c3c4019d8ac7cb7800d33d910a3643240683a9ce4a4397963f8	2	2	3	1	mididrumfiles-80
IDX_0000626	5af080e263fc7e15e1dd31dda86e8de9232b2023c9968e5dbe02ca7e4f3f6da4	2	2	3	1	mididrumfiles-80
IDX_0000628	5b7a258bb3fc3dce6cdb94e1516bfca2d4893f9414c9635b0374c797542f54e1	2	2	2	1	mididrumfiles-80
IDX_0000643	5d4fd020038a5e532ce2103cb8e0ddc4b71c2bba3a0b674a7d463fce375c4450	2	2	3	1	instant-rap
IDX_0000645	5d587868860980807ad8352a713c5f047180e0445b6afcff6b226bdd34c311ed	2	2	2	1	instant-rap
IDX_0000655	5ecc7c8cd6e745e75f6d337757cfd20c28c3129ba6de0ae05f689a4e3837ef3c	2	2	3	1	mididrumfiles-80
IDX_0000696	6453a267f12d242a1bd8839e8f0ca0b920535ae0d521a1680d1a2060336c3fa2	2	2	2	1	instant-rap
IDX_0000705	66dd60668bf15ae2d0c3e9240e6542d901fa1757444bc41323d3f4bb29b49d6e	2	2	2	1	mididrumfiles-80
IDX_0000709	67b4d3f4939eddd00c0a627a27b31048cc25eda7b5a6f00c89a7cf58d2510b98	2	2	2	1	mididrumfiles-80
IDX_0000763	6e8788f4f184741b947458ca141e6684fcbe47ee040a7a44d443f9cd666d55bb	2	2	3	1	instant-rap
IDX_0000789	726e903407adb4f05f025daf388b1bfdcc0ff27064126ce1657923a4a09c2f40	2	2	2	1	mididrumfiles-80
IDX_0000804	73fef47293e620aa5f34324273e609b7a56abdd4acc5dfcee2ec97df4f6418c9	2	2	3	1	instant-rap
IDX_0000805	740b1aad7e16611a5d22587babbe868b1b7b5ec74ce709e68f0054be46e58838	2	2	3	1	mididrumfiles-80
IDX_0000809	749f7eda102f17911743130b68af1499020d715769bfda0407fe66e838b4745e	2	2	2	1	mididrumfiles-80
IDX_0000816	74f8f1d10f147afa04bed3dd74ff7587f66bec22d1c8a290bbdceb898011636d	2	2	2	1	mididrumfiles-80
IDX_0000830	76a6c419046a41c8a66322a9e0f817acf093ef19fbd1b21a85275301ab560ca8	2	2	2	1	instant-rap
IDX_0000852	797826cc1c719bb56591b85067a418676d8c53dd219dcf6559a215143092f311	2	2	3	1	mididrumfiles-80
IDX_0000860	7b77bb39e8e307d987663ea96f102a5f0244fcc959f3cafb841902e0ab067745	2	2	3	1	mididrumfiles-80
IDX_0000869	7d2f55edc5df39203a7ea77106096cca6ed6dac1e59694303b1d3721f4ead971	2	2	4	1	instant-rap
IDX_0000884	7e7199e626916e7388f626b51222db198d61c6c4e7c4d47805f8179f3a084323	2	2	2	1	mididrumfiles-80
IDX_0000910	81c0a763c21c91bc248abe9b82164a80202bdce28ec8f4f4a32001b9aa57e9b3	2	2	3	1	instant-rap
IDX_0000912	8251a86a76204e2cfb0a18f6a96b7d1cef7281cbf82b1b2668f37843c6e45125	2	2	3	1	instant-rap
IDX_0000919	839dfcf1d6434c76dc763327d173a0c7b81907760e157c785164d2785fbff58c	2	2	3	1	mididrumfiles-80
IDX_0000924	84bf3476617f6e38760cb89ecf4b04d13f527f4d49d685be66575fd1b73b75d7	2	2	3	1	mididrumfiles-80
IDX_0000954	8949c1dadd70a44a0ca8208744f9f6e493d7b05f070c3526ef3969c7f3bb2366	2	2	3	1	mididrumfiles-80
IDX_0000956	898b264c43562c0245ea11c7dbd61090ee3fd12f668e48ba53b02b0404a75a2b	2	2	4	2	instant-260,mididrumfiles-80
IDX_0000957	89c8d34c8cb5a2bee7afb0bc4b889e16f0108463d18e0d4ce56ee1fe93fa3728	2	2	3	1	mididrumfiles-80
IDX_0000967	8acd9c875f3c6bc6062912518fd0347ea2c043d08f9e17d159f629ea117bbccb	2	2	3	1	instant-rap
IDX_0001002	90d41db46908bb4c25ee319a4fdf4cb545869dbfc68fbe0391125bfd8eecf2c7	2	2	3	2	instant-200,mididrumfiles-80
IDX_0001010	91d9ed99531fcaa90bfe8857ce001cf8c58fa99f1242eef4a4b83ff8e7aa6c6d	2	2	2	1	mididrumfiles-80
IDX_0001011	925d99596a01df58ba82902f95a696413a5a61f9df3546b3c5e77e349b970306	2	2	2	1	instant-rap
IDX_0001030	94d5481f7ece105251490d3813fc0ad11faa37efe2ff22d9264eda66c6cea715	2	2	2	1	mididrumfiles-80
IDX_0001037	95b92964a7157d109615aaaf9ff537b140add391111085bd325038155c44dccd	2	2	3	1	instant-rap
IDX_0001042	9614e7e192eb315286d91e6177c8ac255cb7b01f6fcb9a1aba76c66a94143f12	2	2	3	1	mididrumfiles-80
IDX_0001046	96be1515c65932c732c32df641ad1d1e8b3bf8b575566e5e086e5bb38a21f87a	2	2	3	1	instant-rap
IDX_0001054	97f89f289a32e8e1559ca58aefbd797e92bb2d082c1e3b59500a0d5f3149601a	2	2	3	1	instant-rap
IDX_0001061	998626b600ecee4f0e348460bd003a487eb91eb5f7143c3a78a795ee7e4fa501	2	2	3	1	mididrumfiles-80
IDX_0001078	9bb9a2e043c55587b987defee62516fc231e1adae12d112a20dec2e961daaa0f	2	2	3	1	instant-rap
IDX_0001082	9c0a7e146632f57d74879afdb95609209ca798e760f2ddbb7cdbb7fc93a5c432	2	2	3	1	instant-rap
IDX_0001089	9c92c499163d3cb2b5c7cc58c648e7fbce217fd7a9c73f66e3c8ed172e37f210	2	2	3	1	mididrumfiles-80
IDX_0001093	9ce3b0b08d3ba0663dd732317decf216b4d8a5080f40db27caf4c35874c1ab46	2	2	3	1	instant-rap
IDX_0001094	9d036a3c5236f50e744a0a77936d55da8ce040eedb5c1aed6308f7384e4e1f2b	2	2	3	1	instant-rap
IDX_0001115	9fcf2daaa968f02c08faebffd9cf32802e6be0388692618c52b6cd664c41ccfb	2	2	3	1	mididrumfiles-80
IDX_0001126	a2fda8a625cb940e4e2eef3ce700be1757a0dbbef510af54e44acb23e71ce21b	2	2	2	1	mididrumfiles-80
IDX_0001136	a59817dccfc9be1a9b40376a095e0d6baf07e8e936bb2465517760b0e8349da1	2	2	3	1	mididrumfiles-80
IDX_0001160	a8bde7410bedae256a2bb76bafd10ea0d5f33ee5afe375e9ee0d220e508f2c00	2	2	3	1	mididrumfiles-80
IDX_0001175	aabf25348a4edd53fb8348d08d954cbfb4bdbf23aafaf5caa60839a46d4ae95e	2	2	3	1	instant-rap
IDX_0001176	aadcd744cf77aa1f894a77c0545261f03084cc1e67cb6ae11ddf3528e8fef6ea	2	2	3	1	mididrumfiles-80
IDX_0001188	ac3a6fc7857e0d77433023422920c15392e9a057ad95cac9e814ec1041039da8	2	2	3	1	instant-rap
IDX_0001195	acf0087aa7519884404cb72ae7a851d3c8dffb2944ea912134df8f469dc53d4c	2	2	2	1	mididrumfiles-80
IDX_0001199	ad4e7f17355c0785238049e513c8f130445d5cf805a0839ff9404049adf2f304	2	2	3	1	mididrumfiles-80
IDX_0001236	b14b42501064b82176ee02aeebb42ef75716b16833efff1a7e0e00f898f28306	2	2	2	1	mididrumfiles-80
IDX_0001242	b248acc30395cef93d6e28a1948f01d74d6c3678104d2b0a9dbc074b7f6ffb5a	2	2	3	1	instant-rap
IDX_0001243	b24e3a5992471843fcfa88d15d1f5287cf3dd3a15e7ad5cc4ce474ec66d20e9f	2	2	2	1	instant-rap
IDX_0001248	b2cb508095cb1afb2a601fd9e07204756bdf32ee94d6bae6164d55e1df4bd391	2	2	2	1	mididrumfiles-80
IDX_0001271	b5d764c549b8c7f2a13475726d76898baf2f1fbd3057f07e615c120c610d05ed	2	2	3	1	mididrumfiles-80
IDX_0001281	b768bd5d89c4fb6f88de79251fd37b263d7db97fa825cca7cc3b2e2257c71399	2	2	2	1	mididrumfiles-80
IDX_0001292	b8aa5d24a229616e0984412eac50337096de034ea3c4bdac568fffc1814fb52a	2	2	3	1	mididrumfiles-80
IDX_0001295	b9086b35f326f6510831c6cb7761f8f541cd7dddd48ab9f2f7d9e7b0dbdd372e	2	2	4	1	instant-rap
IDX_0001304	ba1afd114a025e0e34bba7aae92284f2e38bd80a0186bbab6111b3aaf65df17c	2	2	3	1	instant-rap
IDX_0001317	bc1cfc9b890a619001660c696f958c9002961de04da6bd069e1a91fe5783d289	2	2	2	1	mididrumfiles-80
IDX_0001320	bc63d18a3d9c01819912fd747323f5065793c773a877cb158e11ebcbcd82cae0	2	2	3	1	mididrumfiles-80
IDX_0001322	bca3f774a3fda38dc372c5e015e8fbe57a1da52d010bd54e2d5c0384bf98399f	2	2	2	1	mididrumfiles-80
IDX_0001328	bdcb39f8d01f4ac8c9c4d395d80ed55d5ee4157784aaed6e5e82e8b2f2d5d573	2	2	3	1	mididrumfiles-80
IDX_0001349	c223451fdd158f26d23fab41c69165502f745af048f12dfc0c837161d0b4365a	2	2	2	1	mididrumfiles-80
IDX_0001350	c261226abae280232b11914c1252d3208ec22afcb887c6fc3ad70bca8831e4b2	2	2	3	1	instant-rap
IDX_0001376	c6bc414aaad56a0d74d5e1eb7edfe87d2c31654defeab1d49531219a4ca77f63	2	2	2	1	mididrumfiles-80
IDX_0001399	c9ba3d8feb7b713b8a5a539eeec46c32de35c36e1ddc29ec22126343d9dcb478	2	2	3	1	mididrumfiles-80
IDX_0001442	cf14c6005bd6847a5d1b6d63d38075d5240a96fb04ee11c75554e1bad8488f97	2	2	3	1	mididrumfiles-80
IDX_0001444	cf4b35a4de8d285b499c4bd13d01865487f1a89b039d378e57b74c13b6d84a72	2	2	3	1	instant-rap
IDX_0001460	d260a27339079b1e6cbb022cbcdc69b22ac69739127ad49767db9323aa6624b4	2	2	3	1	mididrumfiles-80
IDX_0001471	d3e23f50c7e270a0c996945e9f917496cc7bcb22937f7a3fc110ea0a61c35f02	2	2	3	1	instant-rap
IDX_0001489	d5718cddb4d63007831ad8910dca186c13618c3d2b89730bec211f4200f39724	2	2	2	1	mididrumfiles-80
IDX_0001511	d7ad638398290d5d996609613c42ea157147d1ebcb7898798436684b51efc320	2	2	2	1	mididrumfiles-80
IDX_0001529	d978ad3762bfc6c199ab16e40ae53220a959308bdb16f799778b8e744e34f057	2	2	3	1	mididrumfiles-80
IDX_0001537	da53af5a08a76266c2a0abece8ba76bf43681127af100ae4192300664f42364a	2	2	2	1	mididrumfiles-80
IDX_0001552	dd068ea725a62234780aaf59d70d7de651698a33485bccfafc090affbd0224e6	2	2	3	1	mididrumfiles-80
IDX_0001575	e02be5830a8a1f623f4e2599f3155c0be301245e66df8691a3ac0cc62ff75299	2	2	2	1	mididrumfiles-80
IDX_0001588	e1c0483dd4d797e94566ff38eb669cb7a59eddc0343a60790b46773ac091d217	2	2	2	1	mididrumfiles-80
IDX_0001592	e1ef306dda4efc8abcf5f27d721327078ce20d7b6c4afafe776748741700cff1	2	2	3	1	mididrumfiles-80
IDX_0001594	e307abbcf1d740b4229d9b0288616b5d7b6fcc44d12981d31acafcf5f9efcc34	2	2	3	1	mididrumfiles-80
IDX_0001607	e4443bc0f5c239e16eed249a1264deef16e760e7c792c45cf7c00843353ff7d4	2	2	2	1	instant-rap
IDX_0001610	e483026c0e501c02959f76039c8c5719f0b2d8bdfff7d11767bbc8fa385371f2	2	2	3	1	mididrumfiles-80
IDX_0001617	e6959a3a421c102d80ea9b434495bd52ff9f055e69e33b904b1e5ae5b87992f9	2	2	3	1	mididrumfiles-80
IDX_0001662	ede716456be2e5ee67079ba2cbed499516e00438261531567768407972c130ca	2	2	3	1	instant-rap
IDX_0001667	ef1cbbaedfbb6b3a72ed60e6d74d6cca105f83ca23d4009c179b27590a472ad6	2	2	2	1	mididrumfiles-80
IDX_0001670	ef54543044634799ac27df73755400a684b5056eb994158da4e6a40a53dbfbba	2	2	3	1	instant-rap
IDX_0001679	f088db52f4c237b838170e4403c865d622e8f5aa2e4bc922e60eafef9b4156be	2	2	3	1	mididrumfiles-80
IDX_0001687	f1576f17f51b46a07aeba8b1dad28aa37d200a799ba5db415bc98cbb3c2967bf	2	2	2	1	mididrumfiles-80
IDX_0001689	f20827055b939b23bae96df584a374ebef29ae77a33b6904651807c6bd8015cd	2	2	3	1	instant-rap
IDX_0001693	f236b877d94638e8c038fd1dc2fafcdfe8b9a0d2de1bb3623e45d5ea988e46e4	2	2	3	1	instant-rap
IDX_0001709	f4ed016edc162769083ace21e0c4ac5d196da66a2e5ad3fe86dc0cfd5a2f275a	2	2	3	1	mididrumfiles-80
IDX_0001727	f7018b6e71f6163f1aa4feb7df413b0ea842331027fa9f827cdaabd52294776f	2	2	3	1	instant-rap
IDX_0001749	f9eb609204325028983b46fe615f9bfa8f420b6898ff52e8057421cfc51f5b64	2	2	2	1	instant-rap
IDX_0001750	f9f9898eed5cec4dde101ffe8f053c44acbccfcb2de3b61d9248fa5277673949	2	2	4	2	instant-200,instant-260
IDX_0001760	fb36d287dd971134178269fdf294e3d9eedf600fb88374f678885b65a4128bd9	2	2	3	1	mididrumfiles-80
IDX_0001762	fb60e4930c68a805ed24cc6f0215ed5b1eb6036111e5466e38866978f23390fd	2	2	2	1	mididrumfiles-80
