sampled_medoids	sampled_rap	sampled_nonrap	rap_fraction	multi_families	pure_rap_families	mixed_families	pure_nonrap_families	medoids_in_multi	within_family_pairs	rap_rap_pairs	rap_nonrap_pairs	nonrap_nonrap_pairs	expected_rap_rap_pairs_random	rap_rap_enrichment	rap_neighbor_homophily	homophily_lift_over_pool	target_rap_size	replicate	seed	alpha	threshold
655	100	555	0.15267175572519084	135	11	7	117	317	244	14	13	217	5.6390503536662235	2.4826875310481866	0.6829268292682927	4.4731707317073175	100	1	20260905	0.1	0.8
655	100	555	0.15267175572519084	132	11	3	118	308	235	11	5	219	5.431052594719518	2.025390070921986	0.8148148148148148	5.337037037037037	100	2	20260905	0.1	0.8
655	100	555	0.15267175572519084	137	14	4	119	320	242	20	5	217	5.592828629455845	3.5760080140245427	0.8888888888888888	5.822222222222222	100	3	20260905	0.1	0.8
655	100	555	0.15267175572519084	131	11	5	115	309	238	13	8	217	5.500385181035087	2.3634708428826072	0.7647058823529411	5.008823529411764	100	4	20260905	0.1	0.8
655	100	555	0.15267175572519084	134	10	8	116	313	236	11	13	212	5.454163456824708	2.0168079096045197	0.6285714285714286	4.1171428571428565	100	5	20260905	0.1	0.8
655	100	555	0.15267175572519084	130	7	5	118	306	241	8	13	220	5.569717767350655	1.4363384886206463	0.5517241379310345	3.6137931034482755	100	6	20260905	0.1	0.8
655	100	555	0.15267175572519084	137	14	7	116	324	253	20	13	220	5.847048112612928	3.420529404719128	0.7547169811320755	4.943396226415095	100	7	20260905	0.1	0.8
655	100	555	0.15267175572519084	130	7	7	116	305	237	7	9	221	5.477274318929897	1.278007927375016	0.6086956521739131	3.9869565217391307	100	8	20260905	0.1	0.8
655	100	555	0.15267175572519084	136	14	5	117	319	244	18	6	220	5.6390503536662235	3.192026825633383	0.8571428571428571	5.614285714285714	100	9	20260905	0.1	0.8
655	100	555	0.15267175572519084	129	9	4	116	303	234	9	8	217	5.407941732614329	1.664219114219114	0.6923076923076923	4.5346153846153845	100	10	20260905	0.1	0.8
655	100	555	0.15267175572519084	137	14	6	117	321	251	16	16	219	5.800826388402549	2.758227695279488	0.6666666666666666	4.366666666666666	100	11	20260905	0.1	0.8
655	100	555	0.15267175572519084	135	9	9	117	316	241	10	13	218	5.569717767350655	1.7954231107758079	0.6060606060606061	3.9696969696969697	100	12	20260905	0.1	0.8
655	100	555	0.15267175572519084	130	9	3	118	307	238	14	5	219	5.500385181035087	2.5452762923351155	0.8484848484848485	5.557575757575758	100	13	20260905	0.1	0.8
655	100	555	0.15267175572519084	136	12	8	116	319	243	15	12	216	5.615939491561034	2.6709689487467267	0.7142857142857143	4.678571428571429	100	14	20260905	0.1	0.8
655	100	555	0.15267175572519084	131	8	5	118	306	231	8	9	214	5.338609146298761	1.4985176439721895	0.64	4.192	100	15	20260905	0.1	0.8
655	100	555	0.15267175572519084	132	10	8	114	312	245	10	14	221	5.6621612157714125	1.7661100803957948	0.5882352941176471	3.8529411764705883	100	16	20260905	0.1	0.8
655	100	555	0.15267175572519084	131	10	7	114	308	238	10	9	219	5.500385181035087	1.8180544945250825	0.6896551724137931	4.517241379310345	100	17	20260905	0.1	0.8
655	100	555	0.15267175572519084	134	11	5	118	312	235	14	6	215	5.431052594719518	2.5777691811734362	0.8235294117647058	5.394117647058823	100	18	20260905	0.1	0.8
655	100	555	0.15267175572519084	129	10	3	116	306	241	13	8	220	5.569717767350655	2.33405004400855	0.7647058823529411	5.008823529411764	100	19	20260905	0.1	0.8
655	100	555	0.15267175572519084	140	17	5	118	326	244	21	7	216	5.6390503536662235	3.7240312965722797	0.8571428571428571	5.614285714285714	100	20	20260905	0.1	0.8
655	100	555	0.15267175572519084	132	10	6	116	310	239	11	9	219	5.523496043140276	1.9914923291492328	0.7096774193548387	4.648387096774194	100	21	20260905	0.1	0.8
655	100	555	0.15267175572519084	137	12	6	119	318	241	13	11	217	5.569717767350655	2.33405004400855	0.7027027027027027	4.602702702702703	100	22	20260905	0.1	0.8
655	100	555	0.15267175572519084	137	14	6	117	322	245	20	12	213	5.6621612157714125	3.5322201607915895	0.7692307692307693	5.038461538461538	100	23	20260905	0.1	0.8
655	100	555	0.15267175572519084	129	6	4	119	303	233	8	5	220	5.3848308705091394	1.4856548315775784	0.7619047619047619	4.99047619047619	100	24	20260905	0.1	0.8
655	100	555	0.15267175572519084	135	10	8	117	316	241	13	12	216	5.569717767350655	2.33405004400855	0.6842105263157895	4.481578947368421	100	25	20260905	0.1	0.8
655	100	555	0.15267175572519084	135	12	6	117	315	239	14	8	217	5.523496043140276	2.5346266007353875	0.7777777777777778	5.094444444444444	100	26	20260905	0.1	0.8
655	100	555	0.15267175572519084	138	14	5	119	319	237	14	7	216	5.477274318929897	2.556015854750032	0.8	5.24	100	27	20260905	0.1	0.8
655	100	555	0.15267175572519084	131	9	5	117	307	236	9	7	220	5.454163456824708	1.6501155624036978	0.72	4.715999999999999	100	28	20260905	0.1	0.8
655	100	555	0.15267175572519084	137	15	6	116	321	248	17	8	223	5.731493802086981	2.966067937438905	0.8095238095238095	5.302380952380952	100	29	20260905	0.1	0.8
655	100	555	0.15267175572519084	136	12	8	116	319	242	14	12	216	5.592828629455845	2.5032056098171798	0.7	4.585	100	30	20260905	0.1	0.8
655	100	555	0.15267175572519084	132	11	4	117	312	249	13	16	220	5.75460466419217	2.2590604843616893	0.6190476190476191	4.054761904761905	100	31	20260905	0.1	0.8
655	100	555	0.15267175572519084	134	12	5	117	313	237	12	10	215	5.477274318929897	2.1908707326428845	0.7058823529411765	4.623529411764706	100	32	20260905	0.1	0.8
655	100	555	0.15267175572519084	132	13	3	116	311	242	13	8	221	5.592828629455845	2.3244052091159526	0.7647058823529411	5.008823529411764	100	33	20260905	0.1	0.8
655	100	555	0.15267175572519084	138	15	3	120	323	249	25	4	220	5.75460466419217	4.3443470853109405	0.9259259259259259	6.064814814814815	100	34	20260905	0.1	0.8
655	100	555	0.15267175572519084	135	9	10	116	315	236	10	14	212	5.454163456824708	1.8334617360041088	0.5882352941176471	3.8529411764705883	100	35	20260905	0.1	0.8
655	100	555	0.15267175572519084	132	11	3	118	308	234	12	4	218	5.407941732614329	2.2189588189588187	0.8571428571428571	5.614285714285714	100	36	20260905	0.1	0.8
655	100	555	0.15267175572519084	129	9	5	115	308	246	15	14	217	5.685272077876602	2.6383961566888394	0.6818181818181818	4.465909090909091	100	37	20260905	0.1	0.8
655	100	555	0.15267175572519084	133	10	9	114	313	241	12	14	215	5.569717767350655	2.1545077329309694	0.631578947368421	4.136842105263158	100	38	20260905	0.1	0.8
655	100	555	0.15267175572519084	129	5	6	118	301	228	5	7	216	5.269276559983192	0.9488968633705476	0.5882352941176471	3.8529411764705883	100	39	20260905	0.1	0.8
655	100	555	0.15267175572519084	136	12	10	114	319	245	12	16	217	5.6621612157714125	2.119332096474954	0.6	3.9299999999999997	100	40	20260905	0.1	0.8
655	100	555	0.15267175572519084	130	10	4	116	310	245	16	8	221	5.6621612157714125	2.8257761286332714	0.8	5.24	100	41	20260905	0.1	0.8
655	100	555	0.15267175572519084	128	8	5	115	307	246	16	9	221	5.685272077876602	2.814289233801429	0.7804878048780488	5.11219512195122	100	42	20260905	0.1	0.8
655	100	555	0.15267175572519084	130	7	4	119	303	229	7	5	217	5.292387422088382	1.3226544925234882	0.7368421052631579	4.826315789473684	100	43	20260905	0.1	0.8
655	100	555	0.15267175572519084	135	12	4	119	314	237	16	4	217	5.477274318929897	2.921160976857179	0.8888888888888888	5.822222222222222	100	44	20260905	0.1	0.8
655	100	555	0.15267175572519084	132	10	6	116	310	239	15	7	217	5.523496043140276	2.715671357930772	0.8108108108108109	5.3108108108108105	100	45	20260905	0.1	0.8
655	100	555	0.15267175572519084	132	12	2	118	309	236	14	3	219	5.454163456824708	2.5668464304057523	0.9032258064516129	5.916129032258064	100	46	20260905	0.1	0.8
655	100	555	0.15267175572519084	137	14	7	116	321	244	19	9	216	5.6390503536662235	3.3693616492796816	0.8085106382978723	5.2957446808510635	100	47	20260905	0.1	0.8
655	100	555	0.15267175572519084	137	15	4	118	320	244	17	6	221	5.6390503536662235	3.0146920019870835	0.85	5.5675	100	48	20260905	0.1	0.8
655	100	555	0.15267175572519084	133	9	8	116	312	236	12	11	213	5.454163456824708	2.2001540832049304	0.6857142857142857	4.491428571428571	100	49	20260905	0.1	0.8
655	100	555	0.15267175572519084	132	9	7	116	312	243	12	13	218	5.615939491561034	2.136775158997381	0.6486486486486487	4.248648648648649	100	50	20260905	0.1	0.8
655	100	555	0.15267175572519084	133	11	4	118	309	234	11	5	218	5.407941732614329	2.0340455840455838	0.8148148148148148	5.337037037037037	100	51	20260905	0.1	0.8
655	100	555	0.15267175572519084	132	10	3	119	309	236	13	4	219	5.454163456824708	2.383500256805341	0.8666666666666667	5.676666666666667	100	52	20260905	0.1	0.8
655	100	555	0.15267175572519084	139	16	4	119	324	245	21	5	219	5.6621612157714125	3.708831168831169	0.8936170212765957	5.853191489361702	100	53	20260905	0.1	0.8
655	100	555	0.15267175572519084	130	9	2	119	306	236	12	4	220	5.454163456824708	2.2001540832049304	0.8571428571428571	5.614285714285714	100	54	20260905	0.1	0.8
655	100	555	0.15267175572519084	138	14	8	116	322	244	17	11	216	5.6390503536662235	3.0146920019870835	0.7555555555555555	4.948888888888889	100	55	20260905	0.1	0.8
655	100	555	0.15267175572519084	134	12	2	120	311	234	12	2	220	5.407941732614329	2.2189588189588187	0.9230769230769231	6.046153846153846	100	56	20260905	0.1	0.8
655	100	555	0.15267175572519084	133	10	6	117	312	239	12	9	218	5.523496043140276	2.172537086344618	0.7272727272727273	4.763636363636364	100	57	20260905	0.1	0.8
655	100	555	0.15267175572519084	137	13	7	117	319	242	13	12	217	5.592828629455845	2.3244052091159526	0.6842105263157895	4.481578947368421	100	58	20260905	0.1	0.8
655	100	555	0.15267175572519084	136	14	6	116	319	245	15	10	220	5.6621612157714125	2.649165120593692	0.75	4.9125	100	59	20260905	0.1	0.8
655	100	555	0.15267175572519084	138	12	8	118	320	239	13	10	216	5.523496043140276	2.3535818435400024	0.7222222222222222	4.730555555555555	100	60	20260905	0.1	0.8
655	100	555	0.15267175572519084	131	8	7	116	311	242	15	16	211	5.592828629455845	2.682006010518407	0.6521739130434783	4.271739130434782	100	61	20260905	0.1	0.8
655	100	555	0.15267175572519084	134	12	8	114	316	243	13	12	218	5.615939491561034	2.3148397555804965	0.6842105263157895	4.481578947368421	100	62	20260905	0.1	0.8
655	100	555	0.15267175572519084	133	12	5	116	313	245	15	9	221	5.6621612157714125	2.649165120593692	0.7692307692307693	5.038461538461538	100	63	20260905	0.1	0.8
655	100	555	0.15267175572519084	129	7	4	118	304	236	9	6	221	5.454163456824708	1.6501155624036978	0.75	4.9125	100	64	20260905	0.1	0.8
655	100	555	0.15267175572519084	134	12	8	114	317	246	13	17	216	5.685272077876602	2.286610002463661	0.6046511627906976	3.9604651162790696	100	65	20260905	0.1	0.8
655	100	555	0.15267175572519084	138	18	5	115	323	249	18	8	223	5.75460466419217	3.1279299014238773	0.8181818181818182	5.359090909090909	100	66	20260905	0.1	0.8
655	100	555	0.15267175572519084	133	9	6	118	309	232	9	6	217	5.3617200084039505	1.678565830721003	0.75	4.9125	100	67	20260905	0.1	0.8
655	100	555	0.15267175572519084	132	10	2	120	308	232	12	3	217	5.3617200084039505	2.2380877742946708	0.8888888888888888	5.822222222222222	100	68	20260905	0.1	0.8
655	100	555	0.15267175572519084	135	11	7	117	314	236	13	14	209	5.454163456824708	2.383500256805341	0.65	4.2575	100	69	20260905	0.1	0.8
655	100	555	0.15267175572519084	132	11	4	117	310	240	12	11	217	5.546606905245466	2.163484848484848	0.6857142857142857	4.491428571428571	100	70	20260905	0.1	0.8
655	100	555	0.15267175572519084	136	13	5	118	315	235	13	6	216	5.431052594719518	2.3936428110896197	0.8125	5.3218749999999995	100	71	20260905	0.1	0.8
655	100	555	0.15267175572519084	139	16	4	119	321	238	16	5	217	5.500385181035087	2.908887191240132	0.8648648648648649	5.664864864864865	100	72	20260905	0.1	0.8
655	100	555	0.15267175572519084	130	7	9	114	307	239	7	13	219	5.523496043140276	1.2673133003676937	0.5185185185185185	3.396296296296296	100	73	20260905	0.1	0.8
655	100	555	0.15267175572519084	132	8	7	117	308	230	8	10	212	5.315498284193571	1.5050329380764165	0.6153846153846154	4.030769230769231	100	74	20260905	0.1	0.8
655	100	555	0.15267175572519084	134	12	4	118	312	236	12	8	216	5.454163456824708	2.2001540832049304	0.75	4.9125	100	75	20260905	0.1	0.8
655	100	555	0.15267175572519084	135	9	7	119	312	228	10	11	207	5.269276559983192	1.8977937267410951	0.6451612903225806	4.225806451612903	100	76	20260905	0.1	0.8
655	100	555	0.15267175572519084	134	11	7	116	314	240	13	10	217	5.546606905245466	2.343775252525252	0.7222222222222222	4.730555555555555	100	77	20260905	0.1	0.8
655	100	555	0.15267175572519084	132	9	5	118	308	231	9	7	215	5.338609146298761	1.685832349468713	0.72	4.715999999999999	100	78	20260905	0.1	0.8
655	100	555	0.15267175572519084	134	9	8	117	312	235	9	11	215	5.431052594719518	1.657137330754352	0.6206896551724138	4.06551724137931	100	79	20260905	0.1	0.8
655	100	555	0.15267175572519084	134	12	5	117	314	238	13	8	217	5.500385181035087	2.3634708428826072	0.7647058823529411	5.008823529411764	100	80	20260905	0.1	0.8
655	100	555	0.15267175572519084	133	11	5	117	314	250	15	13	222	5.77771552629736	2.596181818181818	0.6976744186046512	4.569767441860465	100	81	20260905	0.1	0.8
655	100	555	0.15267175572519084	135	12	5	118	313	236	12	9	215	5.454163456824708	2.2001540832049304	0.7272727272727273	4.763636363636364	100	82	20260905	0.1	0.8
655	100	555	0.15267175572519084	135	14	3	118	318	247	21	4	222	5.708382939981791	3.6788001472212	0.9130434782608695	5.980434782608695	100	83	20260905	0.1	0.8
655	100	555	0.15267175572519084	138	13	6	119	318	233	13	7	213	5.3848308705091394	2.4141891013135646	0.7878787878787878	5.16060606060606	100	84	20260905	0.1	0.8
655	100	555	0.15267175572519084	138	13	5	120	320	238	17	10	211	5.500385181035087	3.0906926406926405	0.7727272727272727	5.0613636363636365	100	85	20260905	0.1	0.8
655	100	555	0.15267175572519084	135	13	6	116	317	242	16	11	215	5.592828629455845	2.860806411219634	0.7441860465116279	4.874418604651162	100	86	20260905	0.1	0.8
655	100	555	0.15267175572519084	134	11	4	119	311	234	11	4	219	5.407941732614329	2.0340455840455838	0.8461538461538461	5.542307692307692	100	87	20260905	0.1	0.8
655	100	555	0.15267175572519084	135	13	4	118	314	236	16	6	214	5.454163456824708	2.9335387776065738	0.8421052631578947	5.51578947368421	100	88	20260905	0.1	0.8
655	100	555	0.15267175572519084	138	16	3	119	321	241	19	8	214	5.569717767350655	3.411303910474035	0.8260869565217391	5.410869565217391	100	89	20260905	0.1	0.8
655	100	555	0.15267175572519084	137	12	7	118	317	236	12	10	214	5.454163456824708	2.2001540832049304	0.7058823529411765	4.623529411764706	100	90	20260905	0.1	0.8
655	100	555	0.15267175572519084	140	16	7	117	324	241	18	8	215	5.569717767350655	3.2317615993964544	0.8181818181818182	5.359090909090909	100	91	20260905	0.1	0.8
655	100	555	0.15267175572519084	131	10	3	118	308	239	12	4	223	5.523496043140276	2.172537086344618	0.8571428571428571	5.614285714285714	100	92	20260905	0.1	0.8
655	100	555	0.15267175572519084	133	10	6	117	311	234	12	8	214	5.407941732614329	2.2189588189588187	0.75	4.9125	100	93	20260905	0.1	0.8
655	100	555	0.15267175572519084	135	12	5	118	314	236	14	6	216	5.454163456824708	2.5668464304057523	0.8235294117647058	5.394117647058823	100	94	20260905	0.1	0.8
655	100	555	0.15267175572519084	135	12	3	120	313	235	14	3	218	5.431052594719518	2.5777691811734362	0.9032258064516129	5.916129032258064	100	95	20260905	0.1	0.8
655	100	555	0.15267175572519084	134	11	6	117	316	244	18	9	217	5.6390503536662235	3.192026825633383	0.8	5.24	100	96	20260905	0.1	0.8
655	100	555	0.15267175572519084	136	15	4	117	319	244	19	8	217	5.6390503536662235	3.3693616492796816	0.8260869565217391	5.410869565217391	100	97	20260905	0.1	0.8
655	100	555	0.15267175572519084	133	10	5	118	311	237	11	9	217	5.477274318929897	2.0082981715893107	0.7096774193548387	4.648387096774194	100	98	20260905	0.1	0.8
655	100	555	0.15267175572519084	134	11	6	117	313	235	13	12	210	5.431052594719518	2.3936428110896197	0.6842105263157895	4.481578947368421	100	99	20260905	0.1	0.8
655	100	555	0.15267175572519084	133	8	7	118	313	243	14	13	216	5.615939491561034	2.4929043521636114	0.6829268292682927	4.4731707317073175	100	100	20260905	0.1	0.8
755	200	555	0.26490066225165565	156	32	9	115	363	271	41	21	209	18.94672123948214	2.1639628029446127	0.7961165048543689	3.0053398058252423	200	1	20260905	0.1	0.8
755	200	555	0.26490066225165565	159	33	11	115	370	277	42	23	212	19.36620584257031	2.16872630299512	0.7850467289719626	2.9635514018691587	200	2	20260905	0.1	0.8
755	200	555	0.26490066225165565	161	37	8	116	372	276	49	12	215	19.296291742055615	2.5393480081567255	0.8909090909090909	3.363181818181818	200	3	20260905	0.1	0.8
755	200	555	0.26490066225165565	159	38	8	113	368	276	42	13	221	19.296291742055615	2.176584006991479	0.865979381443299	3.2690721649484535	200	4	20260905	0.1	0.8
755	200	555	0.26490066225165565	156	30	9	117	360	263	38	11	214	18.387408435364588	2.066631637273822	0.8735632183908046	3.2977011494252872	200	5	20260905	0.1	0.8
755	200	555	0.26490066225165565	158	36	5	117	364	266	40	8	218	18.59715073690867	2.1508671175426004	0.9090909090909091	3.4318181818181817	200	6	20260905	0.1	0.8
755	200	555	0.26490066225165565	159	33	12	114	368	268	41	22	205	18.73697893793806	2.1881862671566794	0.7884615384615384	2.976442307692307	200	7	20260905	0.1	0.8
755	200	555	0.26490066225165565	161	36	8	117	371	270	46	14	210	18.876807138967447	2.4368527824306723	0.8679245283018868	3.2764150943396224	200	8	20260905	0.1	0.8
755	200	555	0.26490066225165565	154	28	8	118	357	265	44	11	210	18.527236636393976	2.3748819569545847	0.8888888888888888	3.355555555555555	200	9	20260905	0.1	0.8
755	200	555	0.26490066225165565	166	43	10	113	381	276	48	16	212	19.296291742055615	2.4875245794188334	0.8571428571428571	3.2357142857142853	200	10	20260905	0.1	0.8
755	200	555	0.26490066225165565	155	33	4	118	360	271	43	10	218	18.94672123948214	2.269521964063862	0.8958333333333334	3.3817708333333334	200	11	20260905	0.1	0.8
755	200	555	0.26490066225165565	163	38	7	118	374	269	47	12	210	18.806893038452753	2.4990837085053523	0.8867924528301887	3.347641509433962	200	12	20260905	0.1	0.8
755	200	555	0.26490066225165565	154	30	9	115	357	265	35	13	217	18.527236636393976	1.8891106475775103	0.8433734939759037	3.183734939759036	200	13	20260905	0.1	0.8
755	200	555	0.26490066225165565	158	34	9	115	365	267	38	17	212	18.667064837423364	2.0356708636817045	0.8172043010752689	3.08494623655914	200	14	20260905	0.1	0.8
755	200	555	0.26490066225165565	154	30	9	115	356	263	35	19	209	18.387408435364588	1.9034765080153622	0.7865168539325843	2.9691011235955056	200	15	20260905	0.1	0.8
755	200	555	0.26490066225165565	156	34	8	114	363	273	44	12	217	19.08654944051153	2.305288346494377	0.88	3.3219999999999996	200	16	20260905	0.1	0.8
755	200	555	0.26490066225165565	159	37	8	114	369	278	47	10	221	19.436119943085004	2.418178120819927	0.9038461538461539	3.4120192307692307	200	17	20260905	0.1	0.8
755	200	555	0.26490066225165565	153	30	8	115	359	273	43	14	216	19.08654944051153	2.252895429528596	0.86	3.2464999999999997	200	18	20260905	0.1	0.8
755	200	555	0.26490066225165565	158	32	10	116	365	267	41	16	210	18.667064837423364	2.196381721340787	0.8367346938775511	3.158673469387755	200	19	20260905	0.1	0.8
755	200	555	0.26490066225165565	159	37	8	114	371	282	50	13	219	19.71577634514378	2.5360401297266475	0.8849557522123894	3.3407079646017697	200	20	20260905	0.1	0.8
755	200	555	0.26490066225165565	152	29	7	116	360	281	49	15	217	19.645862244629086	2.4941638798977093	0.8672566371681416	3.273893805309734	200	21	20260905	0.1	0.8
755	200	555	0.26490066225165565	162	34	12	116	370	265	40	19	206	18.527236636393976	2.1589835972314404	0.8080808080808081	3.05050505050505	200	22	20260905	0.1	0.8
755	200	555	0.26490066225165565	159	36	8	115	367	270	45	12	213	18.876807138967447	2.383877721943049	0.8823529411764706	3.330882352941176	200	23	20260905	0.1	0.8
755	200	555	0.26490066225165565	158	34	7	117	367	274	47	11	216	19.156463541026223	2.4534799911968608	0.8952380952380953	3.3795238095238096	200	24	20260905	0.1	0.8
755	200	555	0.26490066225165565	160	35	10	115	369	273	42	20	211	19.08654944051153	2.2005025125628146	0.8076923076923077	3.0490384615384616	200	25	20260905	0.1	0.8
755	200	555	0.26490066225165565	163	38	8	117	377	278	51	11	216	19.436119943085004	2.623980514081197	0.9026548672566371	3.4075221238938047	200	26	20260905	0.1	0.8
755	200	555	0.26490066225165565	157	33	7	117	369	283	59	10	214	19.785690445658474	2.981953051476464	0.921875	3.480078125	200	27	20260905	0.1	0.8
755	200	555	0.26490066225165565	162	39	7	116	376	284	53	10	221	19.85560454617317	2.669271533724963	0.9137931034482759	3.4495689655172415	200	28	20260905	0.1	0.8
755	200	555	0.26490066225165565	155	31	9	115	358	263	39	17	207	18.387408435364588	2.121016680359975	0.8210526315789474	3.099473684210526	200	29	20260905	0.1	0.8
755	200	555	0.26490066225165565	158	31	11	116	366	269	42	16	211	18.806893038452753	2.233223739515421	0.84	3.171	200	30	20260905	0.1	0.8
755	200	555	0.26490066225165565	160	37	7	116	368	271	44	13	214	18.94672123948214	2.3223015446234867	0.8712871287128713	3.289108910891089	200	31	20260905	0.1	0.8
755	200	555	0.26490066225165565	153	29	10	114	357	268	42	16	210	18.73697893793806	2.2415566639165982	0.84	3.171	200	32	20260905	0.1	0.8
755	200	555	0.26490066225165565	160	37	6	117	370	282	49	14	219	19.71577634514378	2.4853193271321143	0.875	3.3031249999999996	200	33	20260905	0.1	0.8
755	200	555	0.26490066225165565	156	32	11	113	364	274	39	22	213	19.156463541026223	2.0358663756739905	0.78	2.9444999999999997	200	34	20260905	0.1	0.8
755	200	555	0.26490066225165565	161	35	12	114	377	286	58	22	206	19.995432747202557	2.9006624029237096	0.8405797101449275	3.173188405797101	200	35	20260905	0.1	0.8
755	200	555	0.26490066225165565	164	39	13	112	381	282	48	24	210	19.71577634514378	2.4345985245375816	0.8	3.02	200	36	20260905	0.1	0.8
755	200	555	0.26490066225165565	158	34	10	114	367	275	42	17	216	19.22637764154092	2.1844988579259934	0.8316831683168316	3.1396039603960393	200	37	20260905	0.1	0.8
755	200	555	0.26490066225165565	158	31	10	117	360	258	32	13	213	18.037837932791117	1.7740485372599433	0.8311688311688312	3.137662337662338	200	38	20260905	0.1	0.8
755	200	555	0.26490066225165565	154	33	5	116	363	281	49	11	221	19.645862244629086	2.4941638798977093	0.8990825688073395	3.3940366972477065	200	39	20260905	0.1	0.8
755	200	555	0.26490066225165565	158	36	6	116	366	272	43	14	215	19.016635339996835	2.2611781333136274	0.86	3.2464999999999997	200	40	20260905	0.1	0.8
755	200	555	0.26490066225165565	155	32	7	116	361	272	44	10	218	19.016635339996835	2.3137636712976652	0.8979591836734694	3.3897959183673465	200	41	20260905	0.1	0.8
755	200	555	0.26490066225165565	157	32	7	118	361	264	43	8	213	18.457322535879282	2.3296986828079795	0.9148936170212766	3.4537234042553187	200	42	20260905	0.1	0.8
755	200	555	0.26490066225165565	157	30	12	115	362	262	37	18	207	18.317494334849894	2.0199269246998353	0.8043478260869565	3.0364130434782606	200	43	20260905	0.1	0.8
755	200	555	0.26490066225165565	162	36	12	114	378	279	53	21	205	19.506034043599698	2.7171079411393886	0.8346456692913385	3.150787401574803	200	44	20260905	0.1	0.8
755	200	555	0.26490066225165565	163	38	9	116	378	282	52	15	215	19.71577634514378	2.6374817349157134	0.8739495798319328	3.299159663865546	200	45	20260905	0.1	0.8
755	200	555	0.26490066225165565	150	30	7	113	353	272	37	14	221	19.016635339996835	1.9456649054094002	0.8409090909090909	3.174431818181818	200	46	20260905	0.1	0.8
755	200	555	0.26490066225165565	156	32	9	115	359	265	36	14	215	18.527236636393976	1.9430852375082965	0.8372093023255814	3.16046511627907	200	47	20260905	0.1	0.8
755	200	555	0.26490066225165565	152	28	8	116	355	270	40	12	218	18.876807138967447	2.119002419504932	0.8695652173913043	3.2826086956521734	200	48	20260905	0.1	0.8
755	200	555	0.26490066225165565	160	39	5	116	367	269	40	9	220	18.806893038452753	2.1268797519194487	0.898876404494382	3.393258426966292	200	49	20260905	0.1	0.8
755	200	555	0.26490066225165565	164	39	9	116	376	269	49	15	205	18.806893038452753	2.6054276961013247	0.8672566371681416	3.273893805309734	200	50	20260905	0.1	0.8
755	200	555	0.26490066225165565	158	36	8	114	368	277	47	14	216	19.36620584257031	2.4269080057326344	0.8703703703703703	3.2856481481481477	200	51	20260905	0.1	0.8
755	200	555	0.26490066225165565	157	33	7	117	365	276	47	10	219	19.296291742055615	2.435701150680941	0.9038461538461539	3.4120192307692307	200	52	20260905	0.1	0.8
755	200	555	0.26490066225165565	159	37	6	116	368	275	45	14	216	19.22637764154092	2.340534490634993	0.8653846153846154	3.266826923076923	200	53	20260905	0.1	0.8
755	200	555	0.26490066225165565	155	30	10	115	359	265	36	17	212	18.527236636393976	1.9430852375082965	0.8089887640449438	3.0539325842696625	200	54	20260905	0.1	0.8
755	200	555	0.26490066225165565	159	35	6	118	370	278	56	7	215	19.436119943085004	2.8812335056577854	0.9411764705882353	3.552941176470588	200	55	20260905	0.1	0.8
755	200	555	0.26490066225165565	160	33	11	116	370	276	43	19	214	19.296291742055615	2.2284074357293715	0.819047619047619	3.0919047619047615	200	56	20260905	0.1	0.8
755	200	555	0.26490066225165565	155	31	12	112	368	290	47	25	218	20.275089149261333	2.3181155778894476	0.7899159663865546	2.9819327731092433	200	57	20260905	0.1	0.8
755	200	555	0.26490066225165565	155	31	11	113	365	279	47	19	213	19.506034043599698	2.4095108157273826	0.831858407079646	3.140265486725663	200	58	20260905	0.1	0.8
755	200	555	0.26490066225165565	162	33	17	112	376	287	41	32	214	20.06534684771725	2.0433237616654703	0.7192982456140351	2.715350877192982	200	59	20260905	0.1	0.8
755	200	555	0.26490066225165565	156	34	4	118	364	272	53	5	214	19.016635339996835	2.7870335131540056	0.954954954954955	3.604954954954955	200	60	20260905	0.1	0.8
755	200	555	0.26490066225165565	157	33	8	116	367	278	47	12	219	19.436119943085004	2.418178120819927	0.8867924528301887	3.347641509433962	200	61	20260905	0.1	0.8
755	200	555	0.26490066225165565	156	32	10	114	363	270	43	15	212	18.876807138967447	2.2779276009678022	0.8514851485148515	3.214356435643564	200	62	20260905	0.1	0.8
755	200	555	0.26490066225165565	165	42	6	117	382	284	55	11	218	19.85560454617317	2.7699987614126975	0.9090909090909091	3.4318181818181817	200	63	20260905	0.1	0.8
755	200	555	0.26490066225165565	159	36	6	117	373	289	62	12	215	20.20517504874664	3.06852080471562	0.9117647058823529	3.441911764705882	200	64	20260905	0.1	0.8
755	200	555	0.26490066225165565	156	30	10	116	360	263	37	19	207	18.387408435364588	2.0122465941876686	0.7956989247311828	3.0037634408602147	200	65	20260905	0.1	0.8
755	200	555	0.26490066225165565	165	40	7	118	379	277	50	12	215	19.36620584257031	2.581817027375143	0.8928571428571429	3.3705357142857144	200	66	20260905	0.1	0.8
755	200	555	0.26490066225165565	153	32	4	117	356	269	40	8	221	18.806893038452753	2.1268797519194487	0.9090909090909091	3.4318181818181817	200	67	20260905	0.1	0.8
755	200	555	0.26490066225165565	146	23	11	112	347	272	33	21	218	19.016635339996835	1.735322753473249	0.7586206896551724	2.8637931034482755	200	68	20260905	0.1	0.8
755	200	555	0.26490066225165565	159	36	4	119	365	266	46	5	215	18.59715073690867	2.4734971851739904	0.9484536082474226	3.5804123711340203	200	69	20260905	0.1	0.8
755	200	555	0.26490066225165565	157	34	6	117	363	270	41	8	221	18.876807138967447	2.1719774799925555	0.9111111111111111	3.4394444444444443	200	70	20260905	0.1	0.8
755	200	555	0.26490066225165565	155	32	4	119	357	261	38	6	217	18.2475802343352	2.0824678950307094	0.926829268292683	3.498780487804878	200	71	20260905	0.1	0.8
755	200	555	0.26490066225165565	157	35	5	117	363	269	42	10	217	18.806893038452753	2.233223739515421	0.8936170212765957	3.3734042553191483	200	72	20260905	0.1	0.8
755	200	555	0.26490066225165565	150	27	9	114	350	265	34	13	218	18.527236636393976	1.8351360576467244	0.8395061728395061	3.1691358024691354	200	73	20260905	0.1	0.8
755	200	555	0.26490066225165565	153	30	7	116	362	287	53	14	220	20.06534684771725	2.6413697406895102	0.8833333333333333	3.334583333333333	200	74	20260905	0.1	0.8
755	200	555	0.26490066225165565	157	33	8	116	370	287	58	12	217	20.06534684771725	2.8905555652828605	0.90625	3.42109375	200	75	20260905	0.1	0.8
755	200	555	0.26490066225165565	160	37	5	118	371	278	49	11	218	19.436119943085004	2.521079317450562	0.8990825688073395	3.3940366972477065	200	76	20260905	0.1	0.8
755	200	555	0.26490066225165565	162	36	13	113	376	277	43	22	212	19.36620584257031	2.220362643542623	0.7962962962962963	3.0060185185185184	200	77	20260905	0.1	0.8
755	200	555	0.26490066225165565	156	33	7	116	363	272	45	11	216	19.016635339996835	2.366349209281703	0.8910891089108911	3.3638613861386135	200	78	20260905	0.1	0.8
755	200	555	0.26490066225165565	160	37	6	117	368	266	46	10	210	18.59715073690867	2.4734971851739904	0.9019607843137255	3.4049019607843136	200	79	20260905	0.1	0.8
755	200	555	0.26490066225165565	164	39	10	115	379	279	50	18	211	19.506034043599698	2.563309378433386	0.847457627118644	3.199152542372881	200	80	20260905	0.1	0.8
755	200	555	0.26490066225165565	163	36	11	116	376	275	48	18	209	19.22637764154092	2.4965701233439925	0.8421052631578947	3.1789473684210523	200	81	20260905	0.1	0.8
755	200	555	0.26490066225165565	156	32	6	118	361	265	43	11	211	18.527236636393976	2.3209073670237985	0.8865979381443299	3.346907216494845	200	82	20260905	0.1	0.8
755	200	555	0.26490066225165565	165	43	8	114	383	289	56	15	218	20.20517504874664	2.771567178452818	0.8818897637795275	3.329133858267716	200	83	20260905	0.1	0.8
755	200	555	0.26490066225165565	158	35	7	116	367	276	44	14	218	19.296291742055615	2.280230864467264	0.8627450980392157	3.256862745098039	200	84	20260905	0.1	0.8
755	200	555	0.26490066225165565	162	39	9	114	376	284	47	17	220	19.85560454617317	2.3670898506617597	0.8468468468468469	3.1968468468468467	200	85	20260905	0.1	0.8
755	200	555	0.26490066225165565	159	34	7	118	364	262	41	11	210	18.317494334849894	2.238297403045763	0.8817204301075269	3.3284946236559136	200	86	20260905	0.1	0.8
755	200	555	0.26490066225165565	160	36	10	114	372	283	43	22	218	19.785690445658474	2.1732878171777616	0.7962962962962963	3.0060185185185184	200	87	20260905	0.1	0.8
755	200	555	0.26490066225165565	160	36	9	115	372	281	48	18	215	19.645862244629086	2.4432625762263274	0.8421052631578947	3.1789473684210523	200	88	20260905	0.1	0.8
755	200	555	0.26490066225165565	165	38	10	117	377	272	43	13	216	19.016635339996835	2.2611781333136274	0.8686868686868687	3.279292929292929	200	89	20260905	0.1	0.8
755	200	555	0.26490066225165565	158	34	9	115	369	280	49	19	212	19.575948144114392	2.503071608040201	0.8376068376068376	3.161965811965812	200	90	20260905	0.1	0.8
755	200	555	0.26490066225165565	159	34	9	116	369	272	47	14	211	19.016635339996835	2.471520285249779	0.8703703703703703	3.2856481481481477	200	91	20260905	0.1	0.8
755	200	555	0.26490066225165565	162	39	7	116	374	278	48	16	214	19.436119943085004	2.4696287191352444	0.8571428571428571	3.2357142857142853	200	92	20260905	0.1	0.8
755	200	555	0.26490066225165565	164	38	11	115	376	274	40	16	218	19.156463541026223	2.0880680776143494	0.8333333333333334	3.145833333333333	200	93	20260905	0.1	0.8
755	200	555	0.26490066225165565	164	42	5	117	379	281	57	9	215	19.645862244629086	2.9013743092687636	0.926829268292683	3.498780487804878	200	94	20260905	0.1	0.8
755	200	555	0.26490066225165565	157	32	9	116	361	265	36	12	217	18.527236636393976	1.9430852375082965	0.8571428571428571	3.2357142857142853	200	95	20260905	0.1	0.8
755	200	555	0.26490066225165565	162	39	10	113	377	280	53	17	210	19.575948144114392	2.707403984206748	0.8617886178861789	3.253252032520325	200	96	20260905	0.1	0.8
755	200	555	0.26490066225165565	156	31	8	117	359	263	35	12	216	18.387408435364588	1.9034765080153622	0.8536585365853658	3.2225609756097557	200	97	20260905	0.1	0.8
755	200	555	0.26490066225165565	162	35	11	116	372	271	42	16	213	18.94672123948214	2.2167423835042372	0.84	3.171	200	98	20260905	0.1	0.8
755	200	555	0.26490066225165565	160	35	8	117	368	267	44	13	210	18.667064837423364	2.3570925789998687	0.8712871287128713	3.289108910891089	200	99	20260905	0.1	0.8
755	200	555	0.26490066225165565	159	33	12	114	374	284	48	21	215	19.85560454617317	2.417453464505627	0.8205128205128205	3.097435897435897	200	100	20260905	0.1	0.8
855	300	555	0.3508771929824561	188	64	11	113	438	335	99	22	214	41.15411479518468	2.4055917735736037	0.9	2.5650000000000004	300	1	20260905	0.1	0.8
855	300	555	0.3508771929824561	183	59	10	114	424	314	78	15	221	38.574304613994	2.022071448352257	0.9122807017543859	2.6	300	2	20260905	0.1	0.8
855	300	555	0.3508771929824561	192	65	12	115	443	325	92	23	210	39.92563375652246	2.3042840236686386	0.8888888888888888	2.533333333333333	300	3	20260905	0.1	0.8
855	300	555	0.3508771929824561	192	63	12	117	435	304	80	17	207	37.34582357533177	2.1421404682274248	0.903954802259887	2.576271186440678	300	4	20260905	0.1	0.8
855	300	555	0.3508771929824561	189	65	9	115	437	323	93	13	217	39.67993754879001	2.3437536887664763	0.9346733668341709	2.663819095477387	300	5	20260905	0.1	0.8
855	300	555	0.3508771929824561	192	63	13	116	439	317	91	16	210	38.94284892559267	2.3367576464133863	0.9191919191919192	2.61969696969697	300	6	20260905	0.1	0.8
855	300	555	0.3508771929824561	197	71	13	113	449	321	90	26	205	39.434241341057565	2.282280498859125	0.8737864077669902	2.4902912621359223	300	7	20260905	0.1	0.8
855	300	555	0.3508771929824561	181	56	11	114	424	321	90	17	214	39.434241341057565	2.282280498859125	0.9137055837563451	2.6040609137055837	300	8	20260905	0.1	0.8
855	300	555	0.3508771929824561	193	66	12	115	445	325	93	22	210	39.92563375652246	2.329330589143298	0.8942307692307693	2.5485576923076927	300	9	20260905	0.1	0.8
855	300	555	0.3508771929824561	182	60	6	116	421	312	81	14	217	38.32860840626156	2.113303961924363	0.9204545454545454	2.6232954545454548	300	10	20260905	0.1	0.8
855	300	555	0.3508771929824561	189	62	12	115	439	333	99	22	212	40.90841858745224	2.420039772213685	0.9	2.5650000000000004	300	11	20260905	0.1	0.8
855	300	555	0.3508771929824561	189	60	14	115	432	308	78	21	209	37.837215990796665	2.0614624505928854	0.8813559322033898	2.511864406779661	300	12	20260905	0.1	0.8
855	300	555	0.3508771929824561	187	66	6	115	434	328	93	14	221	40.29417806812113	2.3080257361938163	0.93	2.6505	300	13	20260905	0.1	0.8
855	300	555	0.3508771929824561	180	57	7	116	411	294	71	14	209	36.11734253666955	1.965814620162446	0.9102564102564102	2.5942307692307693	300	14	20260905	0.1	0.8
855	300	555	0.3508771929824561	186	62	11	113	430	319	88	17	214	39.18854513332512	2.245554146003921	0.9119170984455959	2.5989637305699484	300	15	20260905	0.1	0.8
855	300	555	0.3508771929824561	195	69	11	115	447	327	94	21	212	40.1713299642549	2.3399772943450645	0.8995215311004785	2.563636363636364	300	16	20260905	0.1	0.8
855	300	555	0.3508771929824561	185	60	7	118	417	292	68	9	215	35.871646328937096	1.8956475924313922	0.9379310344827586	2.673103448275862	300	17	20260905	0.1	0.8
855	300	555	0.3508771929824561	190	64	11	115	436	315	93	15	207	38.69715271786023	2.403277591973244	0.9253731343283582	2.637313432835821	300	18	20260905	0.1	0.8
855	300	555	0.3508771929824561	180	56	12	112	422	326	85	21	220	40.04848186038868	2.1224275191333075	0.8900523560209425	2.536649214659686	300	19	20260905	0.1	0.8
855	300	555	0.3508771929824561	189	64	12	113	436	315	91	22	202	38.69715271786023	2.3515942028985504	0.8921568627450981	2.5426470588235297	300	20	20260905	0.1	0.8
855	300	555	0.3508771929824561	188	66	8	114	433	318	82	15	221	39.065697029458896	2.0990282072316524	0.9162011173184358	2.611173184357542	300	21	20260905	0.1	0.8
855	300	555	0.3508771929824561	190	64	12	114	434	311	78	20	213	38.20576030239533	2.0415769607157834	0.8863636363636364	2.526136363636364	300	22	20260905	0.1	0.8
855	300	555	0.3508771929824561	188	62	11	115	438	325	93	26	206	39.92563375652246	2.329330589143298	0.8773584905660378	2.500471698113208	300	23	20260905	0.1	0.8
855	300	555	0.3508771929824561	187	62	11	114	428	308	76	21	211	37.837215990796665	2.0086044390392215	0.8786127167630058	2.5040462427745664	300	24	20260905	0.1	0.8
855	300	555	0.3508771929824561	189	65	10	114	433	313	85	17	211	38.451456510127784	2.21057946082255	0.9090909090909091	2.590909090909091	300	25	20260905	0.1	0.8
855	300	555	0.3508771929824561	186	62	10	114	430	313	92	16	205	38.451456510127784	2.3926271811255835	0.92	2.6220000000000003	300	26	20260905	0.1	0.8
855	300	555	0.3508771929824561	184	60	5	119	422	305	83	6	216	37.468671679197996	2.215183946488294	0.9651162790697675	2.7505813953488376	300	27	20260905	0.1	0.8
855	300	555	0.3508771929824561	185	57	11	117	421	301	72	20	209	36.9772792637331	1.9471416349070545	0.8780487804878049	2.502439024390244	300	28	20260905	0.1	0.8
855	300	555	0.3508771929824561	186	64	7	115	426	311	81	15	215	38.20576030239533	2.1200991515125445	0.9152542372881356	2.6084745762711865	300	29	20260905	0.1	0.8
855	300	555	0.3508771929824561	186	63	8	115	431	320	88	13	219	39.31139323719134	2.2385367892976586	0.9312169312169312	2.653968253968254	300	30	20260905	0.1	0.8
855	300	555	0.3508771929824561	183	58	9	116	426	322	86	16	220	39.55708944492379	2.1740729969463426	0.9148936170212766	2.6074468085106384	300	31	20260905	0.1	0.8
855	300	555	0.3508771929824561	186	65	4	117	433	324	94	8	222	39.80278565265623	2.3616437507741854	0.9591836734693877	2.733673469387755	300	32	20260905	0.1	0.8
855	300	555	0.3508771929824561	190	61	14	115	436	317	87	26	204	38.94284892559267	2.2340430245930176	0.87	2.4795000000000003	300	33	20260905	0.1	0.8
855	300	555	0.3508771929824561	191	67	10	114	445	333	104	17	212	40.90841858745224	2.5422640031335684	0.9244444444444444	2.6346666666666665	300	34	20260905	0.1	0.8
855	300	555	0.3508771929824561	188	64	10	114	432	316	87	15	214	38.82000082172645	2.2411127809999574	0.9206349206349206	2.623809523809524	300	35	20260905	0.1	0.8
855	300	555	0.3508771929824561	192	65	11	116	440	318	86	16	216	39.065697029458896	2.201419827096611	0.9148936170212766	2.6074468085106384	300	36	20260905	0.1	0.8
855	300	555	0.3508771929824561	189	62	14	113	435	317	88	23	206	38.94284892559267	2.2597216800481097	0.8844221105527639	2.5206030150753773	300	37	20260905	0.1	0.8
855	300	555	0.3508771929824561	195	65	14	116	446	320	88	26	206	39.31139323719134	2.2385367892976586	0.8712871287128713	2.483168316831683	300	38	20260905	0.1	0.8
855	300	555	0.3508771929824561	188	61	12	115	437	321	91	21	209	39.434241341057565	2.3076391710686712	0.896551724137931	2.5551724137931036	300	39	20260905	0.1	0.8
855	300	555	0.3508771929824561	190	67	8	115	439	325	98	11	216	39.92563375652246	2.4545634165165935	0.9468599033816425	2.6985507246376814	300	40	20260905	0.1	0.8
855	300	555	0.3508771929824561	191	62	16	113	436	313	82	26	205	38.451456510127784	2.132559009264107	0.8631578947368421	2.4600000000000004	300	41	20260905	0.1	0.8
855	300	555	0.3508771929824561	191	65	10	116	434	307	80	13	214	37.71436788693044	2.1212074994825314	0.9248554913294798	2.6358381502890174	300	42	20260905	0.1	0.8
855	300	555	0.3508771929824561	182	59	12	111	427	327	83	28	216	40.1713299642549	2.0661501641557485	0.8556701030927835	2.438659793814433	300	43	20260905	0.1	0.8
855	300	555	0.3508771929824561	190	64	12	114	432	309	76	19	214	37.96006409466289	2.002104101048803	0.8888888888888888	2.533333333333333	300	44	20260905	0.1	0.8
855	300	555	0.3508771929824561	188	62	8	118	430	312	79	10	223	38.32860840626156	2.06112361718549	0.9404761904761905	2.680357142857143	300	45	20260905	0.1	0.8
855	300	555	0.3508771929824561	186	59	14	113	432	322	87	26	209	39.55708944492379	2.1993529155154863	0.87	2.4795000000000003	300	46	20260905	0.1	0.8
855	300	555	0.3508771929824561	188	65	9	114	438	331	93	15	223	40.662722379719796	2.287107073932241	0.9253731343283582	2.637313432835821	300	47	20260905	0.1	0.8
855	300	555	0.3508771929824561	190	61	15	114	432	307	76	24	207	37.71436788693044	2.0151471245084047	0.8636363636363636	2.4613636363636364	300	48	20260905	0.1	0.8
855	300	555	0.3508771929824561	189	66	7	116	436	318	89	18	211	39.065697029458896	2.27821354199533	0.9081632653061225	2.588265306122449	300	49	20260905	0.1	0.8
855	300	555	0.3508771929824561	198	71	13	114	451	330	93	21	216	40.53987427585357	2.294037701429006	0.8985507246376812	2.5608695652173914	300	50	20260905	0.1	0.8
855	300	555	0.3508771929824561	196	72	7	117	445	318	90	16	212	39.065697029458896	2.30381144696157	0.9183673469387755	2.6173469387755106	300	51	20260905	0.1	0.8
855	300	555	0.3508771929824561	186	59	12	115	424	300	75	19	206	36.854431159866884	2.035033444816053	0.8875739644970414	2.529585798816568	300	52	20260905	0.1	0.8
855	300	555	0.3508771929824561	190	66	11	113	438	318	88	17	213	39.065697029458896	2.2526156370290904	0.9119170984455959	2.5989637305699484	300	53	20260905	0.1	0.8
855	300	555	0.3508771929824561	193	67	11	115	438	309	83	21	205	37.96006409466289	2.1865084261454037	0.8877005347593583	2.5299465240641714	300	54	20260905	0.1	0.8
855	300	555	0.3508771929824561	184	59	9	116	427	322	89	19	214	39.55708944492379	2.249912752653773	0.9035532994923858	2.5751269035532998	300	55	20260905	0.1	0.8
855	300	555	0.3508771929824561	185	59	12	114	425	310	79	17	214	38.08291219852911	2.0744211889092674	0.9028571428571428	2.573142857142857	300	56	20260905	0.1	0.8
855	300	555	0.3508771929824561	182	62	4	116	424	322	88	12	222	39.55708944492379	2.2246328340846295	0.9361702127659575	2.668085106382979	300	57	20260905	0.1	0.8
855	300	555	0.3508771929824561	188	63	10	115	436	323	85	18	220	39.67993754879001	2.1421404682274248	0.9042553191489362	2.5771276595744683	300	58	20260905	0.1	0.8
855	300	555	0.3508771929824561	188	66	7	115	436	323	90	16	217	39.67993754879001	2.2681487310643322	0.9183673469387755	2.6173469387755106	300	59	20260905	0.1	0.8
855	300	555	0.3508771929824561	189	64	12	113	436	321	88	20	213	39.434241341057565	2.2315631544400336	0.8979591836734694	2.559183673469388	300	60	20260905	0.1	0.8
855	300	555	0.3508771929824561	184	59	11	114	423	309	76	23	210	37.96006409466289	2.002104101048803	0.8685714285714285	2.4754285714285715	300	61	20260905	0.1	0.8
855	300	555	0.3508771929824561	191	65	13	113	437	318	84	21	213	39.065697029458896	2.150224017164132	0.8888888888888888	2.533333333333333	300	62	20260905	0.1	0.8
855	300	555	0.3508771929824561	191	65	14	112	434	308	79	25	204	37.837215990796665	2.087891456369717	0.8633879781420765	2.460655737704918	300	63	20260905	0.1	0.8
855	300	555	0.3508771929824561	194	72	11	111	454	342	103	21	218	42.014051522248245	2.451560758082497	0.9074889867841409	2.586343612334802	300	64	20260905	0.1	0.8
855	300	555	0.3508771929824561	188	63	9	116	433	318	92	13	213	39.065697029458896	2.355007256894049	0.934010152284264	2.6619289340101524	300	65	20260905	0.1	0.8
855	300	555	0.3508771929824561	184	60	9	115	423	308	78	21	209	37.837215990796665	2.0614624505928854	0.8813559322033898	2.511864406779661	300	66	20260905	0.1	0.8
855	300	555	0.3508771929824561	191	68	7	116	438	318	90	11	217	39.065697029458896	2.30381144696157	0.9424083769633508	2.68586387434555	300	67	20260905	0.1	0.8
855	300	555	0.3508771929824561	196	68	13	115	448	317	92	23	202	38.94284892559267	2.3624363018684784	0.8888888888888888	2.533333333333333	300	68	20260905	0.1	0.8
855	300	555	0.3508771929824561	185	59	10	116	421	297	73	17	207	36.485886848268215	2.0007736225127526	0.8957055214723927	2.552760736196319	300	69	20260905	0.1	0.8
855	300	555	0.3508771929824561	192	65	11	116	437	313	81	16	216	38.451456510127784	2.106552192077959	0.9101123595505618	2.593820224719101	300	70	20260905	0.1	0.8
855	300	555	0.3508771929824561	196	69	9	118	446	316	91	15	210	38.82000082172645	2.3441524490919092	0.9238578680203046	2.632994923857868	300	71	20260905	0.1	0.8
855	300	555	0.3508771929824561	196	67	12	117	445	316	88	14	214	38.82000082172645	2.2668726980229454	0.9263157894736842	2.64	300	72	20260905	0.1	0.8
855	300	555	0.3508771929824561	200	74	10	116	453	323	97	12	214	39.67993754879001	2.4445602990360022	0.941747572815534	2.683980582524272	300	73	20260905	0.1	0.8
855	300	555	0.3508771929824561	183	56	13	114	425	316	84	20	212	38.82000082172645	2.163833029930993	0.8936170212765957	2.546808510638298	300	74	20260905	0.1	0.8
855	300	555	0.3508771929824561	186	60	10	116	428	315	91	14	210	38.69715271786023	2.3515942028985504	0.9285714285714286	2.646428571428572	300	75	20260905	0.1	0.8
855	300	555	0.3508771929824561	190	64	12	114	434	313	79	22	212	38.451456510127784	2.054538557705664	0.8777777777777778	2.501666666666667	300	76	20260905	0.1	0.8
855	300	555	0.3508771929824561	191	65	11	115	431	299	76	14	209	36.73158305600066	2.069064104428362	0.9156626506024096	2.6096385542168674	300	77	20260905	0.1	0.8
855	300	555	0.3508771929824561	187	63	10	114	435	326	92	16	218	40.04848186038868	2.297215667767815	0.92	2.6220000000000003	300	78	20260905	0.1	0.8
855	300	555	0.3508771929824561	194	71	12	111	444	318	86	22	210	39.065697029458896	2.201419827096611	0.8865979381443299	2.52680412371134	300	79	20260905	0.1	0.8
855	300	555	0.3508771929824561	185	62	8	115	424	307	79	10	218	37.71436788693044	2.094692405739	0.9404761904761905	2.680357142857143	300	80	20260905	0.1	0.8
855	300	555	0.3508771929824561	181	55	11	115	420	308	79	19	210	37.837215990796665	2.087891456369717	0.8926553672316384	2.5440677966101695	300	81	20260905	0.1	0.8
855	300	555	0.3508771929824561	191	64	11	116	435	308	79	18	211	37.837215990796665	2.087891456369717	0.8977272727272727	2.5585227272727273	300	82	20260905	0.1	0.8
855	300	555	0.3508771929824561	187	63	8	116	432	317	94	16	207	38.94284892559267	2.413793612778663	0.9215686274509803	2.626470588235294	300	83	20260905	0.1	0.8
855	300	555	0.3508771929824561	188	64	12	112	434	318	91	21	206	39.065697029458896	2.3294093519278096	0.896551724137931	2.5551724137931036	300	84	20260905	0.1	0.8
855	300	555	0.3508771929824561	199	73	10	116	455	325	101	17	207	39.92563375652246	2.5297031129405707	0.9223744292237442	2.628767123287671	300	85	20260905	0.1	0.8
855	300	555	0.3508771929824561	186	59	12	115	430	320	82	24	214	39.31139323719134	2.085909280936455	0.8723404255319149	2.4861702127659577	300	86	20260905	0.1	0.8
855	300	555	0.3508771929824561	185	64	10	111	434	336	97	19	220	41.27696289905091	2.3499790969899665	0.9107981220657277	2.5957746478873243	300	87	20260905	0.1	0.8
855	300	555	0.3508771929824561	191	64	11	116	435	312	80	21	211	38.32860840626156	2.0872137895549265	0.8839779005524862	2.519337016574586	300	88	20260905	0.1	0.8
855	300	555	0.3508771929824561	190	66	10	114	435	311	93	15	203	38.20576030239533	2.434187914699588	0.9253731343283582	2.637313432835821	300	89	20260905	0.1	0.8
855	300	555	0.3508771929824561	190	65	13	112	433	307	79	23	205	37.71436788693044	2.094692405739	0.8729281767955801	2.4878453038674033	300	90	20260905	0.1	0.8
855	300	555	0.3508771929824561	183	59	10	114	425	316	85	19	212	38.82000082172645	2.189592946953981	0.8994708994708994	2.5634920634920637	300	91	20260905	0.1	0.8
855	300	555	0.3508771929824561	189	67	7	115	436	322	94	12	216	39.55708944492379	2.3763123454994908	0.94	2.679	300	92	20260905	0.1	0.8
855	300	555	0.3508771929824561	195	65	14	116	438	302	81	16	205	37.10012736759933	2.1832809143059646	0.9101123595505618	2.593820224719101	300	93	20260905	0.1	0.8
855	300	555	0.3508771929824561	185	63	8	114	431	326	93	15	218	40.04848186038868	2.3221854032870306	0.9253731343283582	2.637313432835821	300	94	20260905	0.1	0.8
855	300	555	0.3508771929824561	182	62	7	113	422	312	81	15	216	38.32860840626156	2.113303961924363	0.9152542372881356	2.6084745762711865	300	95	20260905	0.1	0.8
855	300	555	0.3508771929824561	193	66	11	116	440	315	90	16	209	38.69715271786023	2.325752508361204	0.9183673469387755	2.6173469387755106	300	96	20260905	0.1	0.8
855	300	555	0.3508771929824561	187	61	10	116	431	315	84	15	216	38.69715271786023	2.170702341137124	0.9180327868852459	2.616393442622951	300	97	20260905	0.1	0.8
855	300	555	0.3508771929824561	192	70	7	115	441	318	91	12	215	39.065697029458896	2.3294093519278096	0.9381443298969072	2.673711340206186	300	98	20260905	0.1	0.8
855	300	555	0.3508771929824561	190	66	10	114	438	324	87	21	216	39.80278565265623	2.185776662950576	0.8923076923076924	2.5430769230769235	300	99	20260905	0.1	0.8
855	300	555	0.3508771929824561	190	63	14	113	435	314	79	23	212	38.574304613994	2.04799544127985	0.8729281767955801	2.4878453038674033	300	100	20260905	0.1	0.8
